<assembly
	xmlns="http://maven.apache.org/plugins/maven-assembly-plugin/assembly/1.1.2"
	xmlns:xsi="http://www.w3.org/2001/XMLSchema-instance"
	xsi:schemaLocation="http://maven.apache.org/plugins/maven-assembly-plugin/assembly/1.1.2 http://maven.apache.org/xsd/assembly-1.1.2.xsd">
	<id>bin</id>
	<formats>
		<format>zip</format>
	</formats>
	<includeBaseDirectory>false</includeBaseDirectory>
	<dependencySets>
		<dependencySet>
			<!-- Now, select which projects to include in this module-set. -->
			<includes>
				<include>org.sejda:sejda-core</include>
				<include>org.sejda:sejda-conversion</include>
				<include>org.sejda:sejda-itext</include>
				<include>org.sejda:sejda-pdfbox</include>
				<include>org.sejda:sejda-icepdf</include>
				<include>org.sejda:sejda-image-writers</include>
				<include>org.sejda:sejda-model</include>
				<include>org.sejda:sejda-example</include>
			</includes>
			<outputDirectory>/</outputDirectory>
			<unpack>false</unpack>
		</dependencySet>
	</dependencySets>
</assembly>