<assembly
	xmlns="http://maven.apache.org/plugins/maven-assembly-plugin/assembly/1.1.2"
	xmlns:xsi="http://www.w3.org/2001/XMLSchema-instance"
	xsi:schemaLocation="http://maven.apache.org/plugins/maven-assembly-plugin/assembly/1.1.2 http://maven.apache.org/xsd/assembly-1.1.2.xsd">

	<id>bin</id>
	<formats>
		<!-- <format>tar.gz</format> -->
		<format>zip</format>
	</formats>
	<fileSets>
		<fileSet>
			<directory>target/assembled/</directory>
			<outputDirectory>/</outputDirectory>
			<excludes>
				<exclude>bin/sejda-console</exclude>
			</excludes>
		</fileSet>
		<fileSet>
			<directory>doc/</directory>
			<outputDirectory>/doc</outputDirectory>
		</fileSet>
	</fileSets>
	<files>
		<file>
			<source>target/assembled/bin/sejda-console</source>
			<outputDirectory>/bin</outputDirectory>
			<fileMode>0755</fileMode>
		</file>
	</files>	
</assembly>